<?xml version="1.0" encoding="UTF-8" standalone="yes"?>
<Batch>

<retail:storeTemplate xmlns:core="http://www.enactor.com/core" xmlns:hta="http://docs.oasis-open.org/ns/bpel4people/ws-humantask/api/200803" xmlns:htd="http://docs.oasis-open.org/ns/bpel4people/ws-humantask/200803" xmlns:htt="http://docs.oasis-open.org/ns/bpel4people/ws-humantask/types/200803" xmlns:ns11="http://www.enactor.com/retail/restaurantTableStatus/service" xmlns:ns12="http://www.enactor.com/addressLookup/service" xmlns:ns13="http://www.enactor.com/crm/customerLoyalty/service" xmlns:ns3="http://www.enactor.com/crm" xmlns:ns6="http://www.enactor.com/retail/storedRetailTransaction/service" xmlns:ns8="http://www.enactor.com/retail/storedRestaurantSaleTransaction/service" xmlns:retail="http://www.enactor.com/retail" xmlns:sref="http://docs.oasis-open.org/wsbpel/2.0/serviceref" xmlns:tools="http://www.enactor.com/tools" xmlns:xsi="http://www.w3.org/2001/XMLSchema-instance">

    <retail:store>
        <retail:currencyId>GBP</retail:currencyId>
        <retail:companyId></retail:companyId>
        <retail:description>UK Store Template</retail:description>
        <retail:documentCode></retail:documentCode>
        <retail:failedSignOnAttemptsAllowed>3</retail:failedSignOnAttemptsAllowed>
        <retail:failedSignOnAttemptsWarningCount>2</retail:failedSignOnAttemptsWarningCount>
        <retail:localeId variant="" country="GB">en</retail:localeId>
        <retail:locationType>store</retail:locationType>
        <retail:startDate>2020-07-23T00:00:00+01:00</retail:startDate>
        <retail:supportEmailAddress></retail:supportEmailAddress>
        <retail:systemUserId></retail:systemUserId>
        <retail:locationAddress>
            <retail:countryCodeId></retail:countryCodeId>
            <retail:typeId></retail:typeId>
            <retail:fieldOptions>
                <entry>
                    <key>street3</key>
                    <value>OPTIONAL</value>
                </entry>
                <entry>
                    <key>town</key>
                    <value>OPTIONAL</value>
                </entry>
                <entry>
                    <key>county</key>
                    <value>OPTIONAL</value>
                </entry>
                <entry>
                    <key>phone2</key>
                    <value>OPTIONAL</value>
                </entry>
                <entry>
                    <key>organisation</key>
                    <value>OPTIONAL</value>
                </entry>
                <entry>
                    <key>phone1</key>
                    <value>OPTIONAL</value>
                </entry>
                <entry>
                    <key>province</key>
                    <value>OPTIONAL</value>
                </entry>
                <entry>
                    <key>countryCode</key>
                    <value>OPTIONAL</value>
                </entry>
                <entry>
                    <key>street1</key>
                    <value>OPTIONAL</value>
                </entry>
                <entry>
                    <key>postCode</key>
                    <value>OPTIONAL</value>
                </entry>
                <entry>
                    <key>street2</key>
                    <value>OPTIONAL</value>
                </entry>
                <entry>
                    <key>fax</key>
                    <value>OPTIONAL</value>
                </entry>
                <entry>
                    <key>email</key>
                    <value>OPTIONAL</value>
                </entry>
            </retail:fieldOptions>
            <retail:referenceName>locationAddress</retail:referenceName>
            <retail:isTemplate>true</retail:isTemplate>
        </retail:locationAddress>
        <retail:emailConfiguration>
            <retail:smtpHost></retail:smtpHost>
            <retail:smtpPort>25</retail:smtpPort>
            <retail:smtpEncryptionType></retail:smtpEncryptionType>
            <retail:pop3Host></retail:pop3Host>
            <retail:pop3Port>110</retail:pop3Port>
            <retail:pop3EncryptionType></retail:pop3EncryptionType>
            <retail:imap4Host></retail:imap4Host>
            <retail:imap4Port>143</retail:imap4Port>
            <retail:imap4EncryptionType></retail:imap4EncryptionType>
            <retail:authenticateOutgoingMail>false</retail:authenticateOutgoingMail>
            <retail:allowFallback>false</retail:allowFallback>
            <retail:fieldOptions>
                <entry>
                    <key>smtpHost</key>
                    <value>OPTIONAL</value>
                </entry>
                <entry>
                    <key>imap4Host</key>
                    <value>OPTIONAL</value>
                </entry>
                <entry>
                    <key>authenticateOutgoingMail</key>
                    <value>OPTIONAL</value>
                </entry>
                <entry>
                    <key>smtpPort</key>
                    <value>OPTIONAL</value>
                </entry>
                <entry>
                    <key>pop3Port</key>
                    <value>OPTIONAL</value>
                </entry>
                <entry>
                    <key>pop3Host</key>
                    <value>OPTIONAL</value>
                </entry>
                <entry>
                    <key>imap4Port</key>
                    <value>OPTIONAL</value>
                </entry>
            </retail:fieldOptions>
            <retail:referenceName>emailConfiguration</retail:referenceName>
            <retail:isTemplate>true</retail:isTemplate>
        </retail:emailConfiguration>
	    
	    
	    
	    
        <retail:groupId groupHierarchyId="All" groupTypeId="region">UK</retail:groupId>
        <retail:defaultMenuGroupId variantGroupHierarchyId="All" variantGroupId="All" variantGroupTypeId="region" groupHierarchyId="All" groupTypeId="menuGroup">STANDARD_BACKOFFICE</retail:defaultMenuGroupId>
        <retail:menuGroupId variantGroupHierarchyId="All" variantGroupId="All" variantGroupTypeId="region" groupHierarchyId="All" groupTypeId="menuGroup">STANDARD_BACKOFFICE</retail:menuGroupId>
        <retail:priceGroupId variantGroupHierarchyId="All" variantGroupId="All" variantGroupTypeId="region" groupHierarchyId="ALL" groupTypeId="priceGroup">UK</retail:priceGroupId>
        <retail:capitalInvestment></retail:capitalInvestment>
        <retail:fiscalProductGroupHierarchyId></retail:fiscalProductGroupHierarchyId>
        <retail:failedSignOnAction>TEMPORARY_LOCK_OUT</retail:failedSignOnAction>
        <retail:disableInactiveUserAccountDays>60</retail:disableInactiveUserAccountDays>
        <retail:vatNumber></retail:vatNumber>
        <retail:mmGroupHierarchyId variantGroupHierarchyId="All" variantGroupId="All" variantGroupTypeId="region" groupHierarchyId="RETAIL" groupTypeId="mmGroup">RETAIL</retail:mmGroupHierarchyId>
        <retail:volumetricWeightFactor>0</retail:volumetricWeightFactor>
        <retail:customerForwarderSurcharge>0</retail:customerForwarderSurcharge>
        <retail:exchangeRateConversionMethod>INDIRECT</retail:exchangeRateConversionMethod>
        <retail:fieldOptions>
            <entry>
                <key>documentCode</key>
                <value>FIXED</value>
            </entry>
            <entry>
                <key>safes</key>
                <value>OPTIONAL</value>
            </entry>
            <entry>
                <key>customerWelcomeMessage</key>
                <value>FIXED</value>
            </entry>
            <entry>
                <key>defaultWarehouseKey</key>
                <value>FIXED</value>
            </entry>
            <entry>
                <key>performFloatCheckAfterSignOn</key>
                <value>FIXED</value>
            </entry>
            <entry>
                <key>airportTerminalKey</key>
                <value>FIXED</value>
            </entry>
            <entry>
                <key>cashManagementMethod</key>
                <value>FIXED</value>
            </entry>
            <entry>
                <key>defaultMenuGroupKey</key>
                <value>FIXED</value>
            </entry>
            <entry>
                <key>volumetricWeightFactor</key>
                <value>FIXED</value>
            </entry>
            <entry>
                <key>tenderBagsOption</key>
                <value>FIXED</value>
            </entry>
            <entry>
                <key>taxRegionKey</key>
                <value>FIXED</value>
            </entry>
            <entry>
                <key>receiptHeaderImageKey</key>
                <value>OPTIONAL</value>
            </entry>
            <entry>
                <key>localeKey</key>
                <value>FIXED</value>
            </entry>
            <entry>
                <key>maximumCashupRecounts</key>
                <value>FIXED</value>
            </entry>
            <entry>
                <key>fiscalProductGroupHierarchyKey</key>
                <value>FIXED</value>
            </entry>
            <entry>
                <key>baseCurrencyKey</key>
                <value>FIXED</value>
            </entry>
            <entry>
                <key>autoFinaliseCashedUpSessions</key>
                <value>FIXED</value>
            </entry>
            <entry>
                <key>dayEnd</key>
                <value>OPTIONAL</value>
            </entry>
            <entry>
                <key>headerLinesCentred</key>
                <value>OPTIONAL</value>
            </entry>
            <entry>
                <key>tillClosedMessage</key>
                <value>FIXED</value>
            </entry>
            <entry>
                <key>fiscalLocationReference</key>
                <value>FIXED</value>
            </entry>
            <entry>
                <key>companyId</key>
                <value>FIXED</value>
            </entry>
            <entry>
                <key>supportEmailAddress</key>
                <value>OPTIONAL</value>
            </entry>
            <entry>
                <key>exchangeRateConversionMethod</key>
                <value>FIXED</value>
            </entry>
            <entry>
                <key>mmGroupHierarchyKey</key>
                <value>FIXED</value>
            </entry>
            <entry>
                <key>capitalInvestment</key>
                <value>FIXED</value>
            </entry>
            <entry>
                <key>customerForwarderSurcharge</key>
                <value>FIXED</value>
            </entry>
            <entry>
                <key>receiptTrailerImageKey</key>
                <value>OPTIONAL</value>
            </entry>
            <entry>
                <key>suppressSpotcheckSummary</key>
                <value>FIXED</value>
            </entry>
            <entry>
                <key>startDate</key>
                <value>MANDATORY</value>
            </entry>
            <entry>
                <key>vatNumber</key>
                <value>OPTIONAL</value>
            </entry>
            <entry>
                <key>disableInactiveUserAccountDays</key>
                <value>FIXED</value>
            </entry>
            <entry>
                <key>nearestStores</key>
                <value>OPTIONAL</value>
            </entry>
            <entry>
                <key>disallowPhoneCapture</key>
                <value>FIXED</value>
            </entry>
            <entry>
                <key>failedSignOnAction</key>
                <value>FIXED</value>
            </entry>
            <entry>
                <key>description</key>
                <value>MANDATORY</value>
            </entry>
            <entry>
                <key>productNotesOptionSetKey</key>
                <value>FIXED</value>
            </entry>
            <entry>
                <key>failedSignOnAttemptsWarningCount</key>
                <value>FIXED</value>
            </entry>
            <entry>
                <key>autoGenerateSealNumbers</key>
                <value>FIXED</value>
            </entry>
            <entry>
                <key>trailerLinesCentred</key>
                <value>OPTIONAL</value>
            </entry>
            <entry>
                <key>fasciaKey</key>
                <value>FIXED</value>
            </entry>
            <entry>
                <key>failedSignOnAttemptsAllowed</key>
                <value>FIXED</value>
            </entry>
            <entry>
                <key>exchangeRateGroupKey</key>
                <value>FIXED</value>
            </entry>
            <entry>
                <key>disallowEmailCapture</key>
                <value>FIXED</value>
            </entry>
            <entry>
                <key>denominationEntryMethod</key>
                <value>FIXED</value>
            </entry>
            <entry>
                <key>priceGroupKey</key>
                <value>FIXED</value>
            </entry>
            <entry>
                <key>menuGroupKey</key>
                <value>FIXED</value>
            </entry>
            <entry>
                <key>manager</key>
                <value>FIXED</value>
            </entry>
            <entry>
                <key>taxSchemeKey</key>
                <value>FIXED</value>
            </entry>
            <entry>
                <key>privacyPolicyURL</key>
                <value>FIXED</value>
            </entry>
            <entry>
                <key>regionGroupKey</key>
                <value>FIXED</value>
            </entry>
            <entry>
                <key>trailerLines</key>
                <value>OPTIONAL</value>
            </entry>
            <entry>
                <key>headerLines</key>
                <value>OPTIONAL</value>
            </entry>
            <entry>
                <key>disallowAddressCapture</key>
                <value>FIXED</value>
            </entry>
            <entry>
                <key>overrideWitnessRate</key>
                <value>FIXED</value>
            </entry>
        </retail:fieldOptions>
        <retail:exchangeRateGroupId></retail:exchangeRateGroupId>
        <retail:isTemplate>true</retail:isTemplate>
        <retail:templateId>STORE_TEMPLATE_UK</retail:templateId>
        <retail:fiscalLocationReference></retail:fiscalLocationReference>
        <retail:privacyPolicyURL></retail:privacyPolicyURL>
        <retail:disallowAddressCapture>false</retail:disallowAddressCapture>
        <retail:disallowPhoneCapture>false</retail:disallowPhoneCapture>
        <retail:disallowEmailCapture>false</retail:disallowEmailCapture>
        <retail:overrideWitnessRate>0.0</retail:overrideWitnessRate>
        <retail:taxRegionId variantGroupHierarchyId="All" variantGroupId="All" variantGroupTypeId="region" groupHierarchyId="ALL" groupTypeId="taxRegion">UK</retail:taxRegionId>
        <retail:taxSchemeId>UK</retail:taxSchemeId>
        <retail:autoFinaliseCashedUpSessions>true</retail:autoFinaliseCashedUpSessions>
        <retail:autoGenerateSealNumbers>false</retail:autoGenerateSealNumbers>
        <retail:customerWelcomeMessage></retail:customerWelcomeMessage>
        <retail:tillClosedMessage></retail:tillClosedMessage>
        <retail:cashManagementMethod>TERMINAL</retail:cashManagementMethod>
        <retail:denominationEntryMethod>EITHER</retail:denominationEntryMethod>
        <retail:suppressSpotcheckSummary>false</retail:suppressSpotcheckSummary>
        <retail:tenderBagsOption>DISALLOWED</retail:tenderBagsOption>
        <retail:headerLines></retail:headerLines>
        <retail:headerLinesCentred>false</retail:headerLinesCentred>
        <retail:manager></retail:manager>
        <retail:maximumCashupRecounts>0</retail:maximumCashupRecounts>
        <retail:performFloatCheckAfterSignOn>true</retail:performFloatCheckAfterSignOn>
        <retail:trailerLines></retail:trailerLines>
        <retail:trailerLinesCentred>false</retail:trailerLinesCentred>
        <retail:dayEnd>
            <retail:dayEnd second="0" minute="0" hour="0"/>
            <retail:storeClosed second="0" minute="0" hour="0"/>
            <retail:storeOpen second="0" minute="0" hour="0"/>
            <retail:earliestPOSDayEnd second="0" minute="0" hour="0"/>
            <retail:day>2</retail:day>
        </retail:dayEnd>
        <retail:dayEnd>
            <retail:dayEnd second="0" minute="0" hour="0"/>
            <retail:storeClosed second="0" minute="0" hour="0"/>
            <retail:storeOpen second="0" minute="0" hour="0"/>
            <retail:earliestPOSDayEnd second="0" minute="0" hour="0"/>
            <retail:day>3</retail:day>
        </retail:dayEnd>
        <retail:dayEnd>
            <retail:dayEnd second="0" minute="0" hour="0"/>
            <retail:storeClosed second="0" minute="0" hour="0"/>
            <retail:storeOpen second="0" minute="0" hour="0"/>
            <retail:earliestPOSDayEnd second="0" minute="0" hour="0"/>
            <retail:day>4</retail:day>
        </retail:dayEnd>
        <retail:dayEnd>
            <retail:dayEnd second="0" minute="0" hour="0"/>
            <retail:storeClosed second="0" minute="0" hour="0"/>
            <retail:storeOpen second="0" minute="0" hour="0"/>
            <retail:earliestPOSDayEnd second="0" minute="0" hour="0"/>
            <retail:day>5</retail:day>
        </retail:dayEnd>
        <retail:dayEnd>
            <retail:dayEnd second="0" minute="0" hour="0"/>
            <retail:storeClosed second="0" minute="0" hour="0"/>
            <retail:storeOpen second="0" minute="0" hour="0"/>
            <retail:earliestPOSDayEnd second="0" minute="0" hour="0"/>
            <retail:day>6</retail:day>
        </retail:dayEnd>
        <retail:dayEnd>
            <retail:dayEnd second="0" minute="0" hour="0"/>
            <retail:storeClosed second="0" minute="0" hour="0"/>
            <retail:storeOpen second="0" minute="0" hour="0"/>
            <retail:earliestPOSDayEnd second="0" minute="0" hour="0"/>
            <retail:day>7</retail:day>
        </retail:dayEnd>
        <retail:dayEnd>
            <retail:dayEnd second="0" minute="0" hour="0"/>
            <retail:storeClosed second="0" minute="0" hour="0"/>
            <retail:storeOpen second="0" minute="0" hour="0"/>
            <retail:earliestPOSDayEnd second="0" minute="0" hour="0"/>
            <retail:day>1</retail:day>
        </retail:dayEnd>
        <retail:locationBankDetails>
            <retail:bankAccountNumber></retail:bankAccountNumber>
            <retail:bankSortCode></retail:bankSortCode>
            <retail:bankAddress>
                <retail:countryCodeId></retail:countryCodeId>
                <retail:typeId></retail:typeId>
                <retail:fieldOptions>
                    <entry>
                        <key>street3</key>
                        <value>FIXED</value>
                    </entry>
                    <entry>
                        <key>town</key>
                        <value>FIXED</value>
                    </entry>
                    <entry>
                        <key>phone2</key>
                        <value>FIXED</value>
                    </entry>
                    <entry>
                        <key>county</key>
                        <value>FIXED</value>
                    </entry>
                    <entry>
                        <key>organisation</key>
                        <value>FIXED</value>
                    </entry>
                    <entry>
                        <key>phone1</key>
                        <value>FIXED</value>
                    </entry>
                    <entry>
                        <key>province</key>
                        <value>OPTIONAL</value>
                    </entry>
                    <entry>
                        <key>countryCode</key>
                        <value>FIXED</value>
                    </entry>
                    <entry>
                        <key>street1</key>
                        <value>FIXED</value>
                    </entry>
                    <entry>
                        <key>postCode</key>
                        <value>FIXED</value>
                    </entry>
                    <entry>
                        <key>street2</key>
                        <value>FIXED</value>
                    </entry>
                    <entry>
                        <key>fax</key>
                        <value>FIXED</value>
                    </entry>
                    <entry>
                        <key>email</key>
                        <value>FIXED</value>
                    </entry>
                </retail:fieldOptions>
                <retail:referenceName>bankAddress</retail:referenceName>
                <retail:isTemplate>true</retail:isTemplate>
                <retail:addressReferenceId>bankAddress</retail:addressReferenceId>
            </retail:bankAddress>
            <retail:fieldOptions>
                <entry>
                    <key>bankSortCode</key>
                    <value>FIXED</value>
                </entry>
                <entry>
                    <key>bankAccountNumber</key>
                    <value>FIXED</value>
                </entry>
            </retail:fieldOptions>
            <retail:referenceName>locationBankDetails</retail:referenceName>
            <retail:isTemplate>true</retail:isTemplate>
        </retail:locationBankDetails>
        <retail:fasciaId></retail:fasciaId>
        <retail:defaultWarehouseId>0100</retail:defaultWarehouseId>
    </retail:store>
</retail:storeTemplate>

</Batch>
