<?xml version="1.0" encoding="UTF-8" standalone="yes"?>
<Batch>

<retail:store xmlns:core="http://www.enactor.com/core" xmlns:hta="http://docs.oasis-open.org/ns/bpel4people/ws-humantask/api/200803" xmlns:htd="http://docs.oasis-open.org/ns/bpel4people/ws-humantask/200803" xmlns:htt="http://docs.oasis-open.org/ns/bpel4people/ws-humantask/types/200803" xmlns:ns10="http://www.enactor.com/crm/customerLoyalty/service" xmlns:ns11="http://www.enactor.com/retail/storedRestaurantSaleTransaction/service" xmlns:ns12="http://www.enactor.com/retail/storedRetailTransaction/service" xmlns:ns13="http://www.enactor.com/retail/restaurantTableStatus/service" xmlns:ns7="http://www.enactor.com/crm" xmlns:ns8="http://www.enactor.com/addressLookup/service" xmlns:retail="http://www.enactor.com/retail" xmlns:sref="http://docs.oasis-open.org/wsbpel/2.0/serviceref" xmlns:tools="http://www.enactor.com/tools" xmlns:xsi="http://www.w3.org/2001/XMLSchema-instance">
    <retail:description>UK Hertford</retail:description>
    <retail:locationType>store</retail:locationType>
    <retail:startDate>2021-02-11T00:00:00Z</retail:startDate>
    <retail:systemUserId></retail:systemUserId>
    <retail:locationAddress>
        <retail:countryCodeId>GBR</retail:countryCodeId>
        <retail:organisation>Enactor</retail:organisation>
        <retail:typeId></retail:typeId>
        <retail:email>info@enactor.co.uk</retail:email>
        <retail:phone1>01992 500881</retail:phone1>
        <retail:postCode>SG14 1PB</retail:postCode>
        <retail:street1>Enactor House</retail:street1>
        <retail:street2>Bluecoats</retail:street2>
        <retail:town>Hertford</retail:town>
        <retail:referenceName>locationAddress</retail:referenceName>
        <retail:isTemplate>false</retail:isTemplate>
    </retail:locationAddress>
    <retail:locationId>0001</retail:locationId>
    <retail:emailConfiguration>
        <retail:locationId>0001</retail:locationId>
        <retail:allowFallback>false</retail:allowFallback>
        <retail:referenceName>emailConfiguration</retail:referenceName>
        <retail:isTemplate>false</retail:isTemplate>
    </retail:emailConfiguration>
    <retail:purgeDetails>
        <retail:isTemplate>false</retail:isTemplate>
    </retail:purgeDetails>
    <retail:isLive>true</retail:isLive>
    <retail:templateKey>STORE_TEMPLATE_UK</retail:templateKey>
    <retail:isTemplate>false</retail:isTemplate>

    <retail:branchNumber>1</retail:branchNumber>
    <retail:cashManagementMethod>TERMINAL</retail:cashManagementMethod>
    <retail:denominationEntryMethod>EITHER</retail:denominationEntryMethod>
    <retail:tenderBagsOption>DISALLOWED</retail:tenderBagsOption>
    <retail:nearestStores>0003</retail:nearestStores>
    <retail:trailerLines>Thank you for shopping at Enactor</retail:trailerLines>
    <retail:trailerLinesCentred>true</retail:trailerLinesCentred>
    <retail:dayEnd>
        <retail:dayEnd second="0" minute="0" hour="0"/>
        <retail:storeClosed second="0" minute="0" hour="0"/>
        <retail:storeOpen second="0" minute="0" hour="0"/>
        <retail:earliestPOSDayEnd second="0" minute="0" hour="0"/>
        <retail:day>2</retail:day>
    </retail:dayEnd>
    <retail:dayEnd>
        <retail:dayEnd second="0" minute="0" hour="0"/>
        <retail:storeClosed second="0" minute="0" hour="0"/>
        <retail:storeOpen second="0" minute="0" hour="0"/>
        <retail:earliestPOSDayEnd second="0" minute="0" hour="0"/>
        <retail:day>3</retail:day>
    </retail:dayEnd>
    <retail:dayEnd>
        <retail:dayEnd second="0" minute="0" hour="0"/>
        <retail:storeClosed second="0" minute="0" hour="0"/>
        <retail:storeOpen second="0" minute="0" hour="0"/>
        <retail:earliestPOSDayEnd second="0" minute="0" hour="0"/>
        <retail:day>4</retail:day>
    </retail:dayEnd>
    <retail:dayEnd>
        <retail:dayEnd second="0" minute="0" hour="0"/>
        <retail:storeClosed second="0" minute="0" hour="0"/>
        <retail:storeOpen second="0" minute="0" hour="0"/>
        <retail:earliestPOSDayEnd second="0" minute="0" hour="0"/>
        <retail:day>5</retail:day>
    </retail:dayEnd>
    <retail:dayEnd>
        <retail:dayEnd second="0" minute="0" hour="0"/>
        <retail:storeClosed second="0" minute="0" hour="0"/>
        <retail:storeOpen second="0" minute="0" hour="0"/>
        <retail:earliestPOSDayEnd second="0" minute="0" hour="0"/>
        <retail:day>6</retail:day>
    </retail:dayEnd>
    <retail:dayEnd>
        <retail:dayEnd second="0" minute="0" hour="0"/>
        <retail:storeClosed second="0" minute="0" hour="0"/>
        <retail:storeOpen second="0" minute="0" hour="0"/>
        <retail:earliestPOSDayEnd second="0" minute="0" hour="0"/>
        <retail:day>7</retail:day>
    </retail:dayEnd>
    <retail:dayEnd>
        <retail:dayEnd second="0" minute="0" hour="0"/>
        <retail:storeClosed second="0" minute="0" hour="0"/>
        <retail:storeOpen second="0" minute="0" hour="0"/>
        <retail:earliestPOSDayEnd second="0" minute="0" hour="0"/>
        <retail:day>1</retail:day>
    </retail:dayEnd>
    <retail:safe>
        <retail:insuranceLimit>0</retail:insuranceLimit>
        <retail:safeId>SAFE0001</retail:safeId>
        <retail:name>0001-Hertford-Safe</retail:name>
    </retail:safe>
    <retail:locationBankDetails>
        <retail:bankAddress>
            <retail:countryCodeId></retail:countryCodeId>
            <retail:typeId></retail:typeId>
            <retail:isTemplate>false</retail:isTemplate>
        </retail:bankAddress>
        <retail:isTemplate>false</retail:isTemplate>
    </retail:locationBankDetails>
    <retail:receiptHeaderImageId type="bmp" category="RECEIPT">ENACTOR</retail:receiptHeaderImageId>
    <retail:receiptTrailerImageId category=""></retail:receiptTrailerImageId>
</retail:store>


<retail:store xmlns:core="http://www.enactor.com/core" xmlns:hta="http://docs.oasis-open.org/ns/bpel4people/ws-humantask/api/200803" xmlns:htd="http://docs.oasis-open.org/ns/bpel4people/ws-humantask/200803" xmlns:htt="http://docs.oasis-open.org/ns/bpel4people/ws-humantask/types/200803" xmlns:ns11="http://www.enactor.com/retail/restaurantTableStatus/service" xmlns:ns12="http://www.enactor.com/crm/customerLoyalty/service" xmlns:ns13="http://www.enactor.com/addressLookup/service" xmlns:ns5="http://www.enactor.com/crm" xmlns:ns8="http://www.enactor.com/retail/storedRestaurantSaleTransaction/service" xmlns:ns9="http://www.enactor.com/retail/storedRetailTransaction/service" xmlns:retail="http://www.enactor.com/retail" xmlns:sref="http://docs.oasis-open.org/wsbpel/2.0/serviceref" xmlns:tools="http://www.enactor.com/tools" xmlns:xsi="http://www.w3.org/2001/XMLSchema-instance">
    <retail:description>UK Oxford Street</retail:description>
    <retail:locationType>store</retail:locationType>
    <retail:startDate>2021-02-11T00:00:00Z</retail:startDate>
    <retail:systemUserId></retail:systemUserId>
    <retail:locationAddress>
        <retail:countryCodeId>GBR</retail:countryCodeId>
        <retail:organisation>Enactor</retail:organisation>
        <retail:typeId></retail:typeId>
        <retail:email>info@enactor.co.uk</retail:email>
        <retail:phone1>01992 500881</retail:phone1>
        <retail:postCode>W1C 2AD</retail:postCode>
        <retail:street1>Oxford Street</retail:street1>
        <retail:street2></retail:street2>
        <retail:town>London</retail:town>
        <retail:referenceName>locationAddress</retail:referenceName>
        <retail:isTemplate>false</retail:isTemplate>
    </retail:locationAddress>
    <retail:locationId>0003</retail:locationId>
    <retail:emailConfiguration>
        <retail:locationId>0003</retail:locationId>
        <retail:allowFallback>false</retail:allowFallback>
        <retail:referenceName>emailConfiguration</retail:referenceName>
        <retail:isTemplate>false</retail:isTemplate>
    </retail:emailConfiguration>
    <retail:purgeDetails>
        <retail:isTemplate>false</retail:isTemplate>
    </retail:purgeDetails>
    <retail:isLive>true</retail:isLive>
    <retail:templateKey>STORE_TEMPLATE_UK</retail:templateKey>
    <retail:isTemplate>false</retail:isTemplate>

    <retail:branchNumber>3</retail:branchNumber>
    <retail:cashManagementMethod>TERMINAL</retail:cashManagementMethod>
    <retail:denominationEntryMethod>EITHER</retail:denominationEntryMethod>
    <retail:tenderBagsOption>DISALLOWED</retail:tenderBagsOption>
    <retail:nearestStores>0001</retail:nearestStores>
    <retail:trailerLines>Thank you for shopping at Enactor</retail:trailerLines>
    <retail:trailerLinesCentred>true</retail:trailerLinesCentred>
    <retail:dayEnd>
        <retail:dayEnd second="0" minute="0" hour="0"/>
        <retail:storeClosed second="0" minute="0" hour="0"/>
        <retail:storeOpen second="0" minute="0" hour="0"/>
        <retail:earliestPOSDayEnd second="0" minute="0" hour="0"/>
        <retail:day>2</retail:day>
    </retail:dayEnd>
    <retail:dayEnd>
        <retail:dayEnd second="0" minute="0" hour="0"/>
        <retail:storeClosed second="0" minute="0" hour="0"/>
        <retail:storeOpen second="0" minute="0" hour="0"/>
        <retail:earliestPOSDayEnd second="0" minute="0" hour="0"/>
        <retail:day>3</retail:day>
    </retail:dayEnd>
    <retail:dayEnd>
        <retail:dayEnd second="0" minute="0" hour="0"/>
        <retail:storeClosed second="0" minute="0" hour="0"/>
        <retail:storeOpen second="0" minute="0" hour="0"/>
        <retail:earliestPOSDayEnd second="0" minute="0" hour="0"/>
        <retail:day>4</retail:day>
    </retail:dayEnd>
    <retail:dayEnd>
        <retail:dayEnd second="0" minute="0" hour="0"/>
        <retail:storeClosed second="0" minute="0" hour="0"/>
        <retail:storeOpen second="0" minute="0" hour="0"/>
        <retail:earliestPOSDayEnd second="0" minute="0" hour="0"/>
        <retail:day>5</retail:day>
    </retail:dayEnd>
    <retail:dayEnd>
        <retail:dayEnd second="0" minute="0" hour="0"/>
        <retail:storeClosed second="0" minute="0" hour="0"/>
        <retail:storeOpen second="0" minute="0" hour="0"/>
        <retail:earliestPOSDayEnd second="0" minute="0" hour="0"/>
        <retail:day>6</retail:day>
    </retail:dayEnd>
    <retail:dayEnd>
        <retail:dayEnd second="0" minute="0" hour="0"/>
        <retail:storeClosed second="0" minute="0" hour="0"/>
        <retail:storeOpen second="0" minute="0" hour="0"/>
        <retail:earliestPOSDayEnd second="0" minute="0" hour="0"/>
        <retail:day>7</retail:day>
    </retail:dayEnd>
    <retail:dayEnd>
        <retail:dayEnd second="0" minute="0" hour="0"/>
        <retail:storeClosed second="0" minute="0" hour="0"/>
        <retail:storeOpen second="0" minute="0" hour="0"/>
        <retail:earliestPOSDayEnd second="0" minute="0" hour="0"/>
        <retail:day>1</retail:day>
    </retail:dayEnd>
    <retail:safe>
        <retail:insuranceLimit>0</retail:insuranceLimit>
        <retail:safeId>SAFE0003</retail:safeId>
        <retail:name>0003-Oxford Street-Safe</retail:name>
    </retail:safe>
    <retail:locationBankDetails>
        <retail:bankAddress>
            <retail:countryCodeId></retail:countryCodeId>
            <retail:typeId></retail:typeId>
            <retail:isTemplate>false</retail:isTemplate>
        </retail:bankAddress>
        <retail:isTemplate>false</retail:isTemplate>
    </retail:locationBankDetails>
    <retail:receiptHeaderImageId type="bmp" category="RECEIPT">ENACTOR</retail:receiptHeaderImageId>
    <retail:receiptTrailerImageId category=""></retail:receiptTrailerImageId>
</retail:store>


<retail:warehouse xmlns:core="http://www.enactor.com/core" xmlns:hta="http://docs.oasis-open.org/ns/bpel4people/ws-humantask/api/200803" xmlns:htd="http://docs.oasis-open.org/ns/bpel4people/ws-humantask/200803" xmlns:htt="http://docs.oasis-open.org/ns/bpel4people/ws-humantask/types/200803" xmlns:ns10="http://www.enactor.com/crm/customerLoyalty/service" xmlns:ns11="http://www.enactor.com/retail/storedRestaurantSaleTransaction/service" xmlns:ns12="http://www.enactor.com/retail/storedRetailTransaction/service" xmlns:ns13="http://www.enactor.com/retail/restaurantTableStatus/service" xmlns:ns7="http://www.enactor.com/crm" xmlns:ns8="http://www.enactor.com/addressLookup/service" xmlns:retail="http://www.enactor.com/retail" xmlns:sref="http://docs.oasis-open.org/wsbpel/2.0/serviceref" xmlns:tools="http://www.enactor.com/tools" xmlns:xsi="http://www.w3.org/2001/XMLSchema-instance">
    <retail:currencyId>GBP</retail:currencyId>
    <retail:companyId></retail:companyId>
    <retail:description>UK Warehouse</retail:description>
    <retail:documentCode></retail:documentCode>
    <retail:failedSignOnAttemptsAllowed>0</retail:failedSignOnAttemptsAllowed>
    <retail:failedSignOnAttemptsWarningCount>0</retail:failedSignOnAttemptsWarningCount>
    <retail:localeId variant="" country="GB">en</retail:localeId>
    <retail:locationType>warehouse</retail:locationType>
    <retail:startDate>2021-04-15T00:00:00+01:00</retail:startDate>
    <retail:supportEmailAddress></retail:supportEmailAddress>
    <retail:systemUserId></retail:systemUserId>
    <retail:locationAddress>
        <retail:countryCodeId></retail:countryCodeId>
        <retail:typeId></retail:typeId>
        <retail:referenceName>locationAddress</retail:referenceName>
        <retail:isTemplate>false</retail:isTemplate>
    </retail:locationAddress>
    <retail:locationId>0100</retail:locationId>
    <retail:emailConfiguration>
        <retail:locationId>0100</retail:locationId>
        <retail:referenceName>emailConfiguration</retail:referenceName>
        <retail:isTemplate>false</retail:isTemplate>
    </retail:emailConfiguration>
    <retail:purgeDetails>
        <retail:entityPurgeAges/>
        <retail:functionPurgeAges/>
        <retail:isTemplate>false</retail:isTemplate>
    </retail:purgeDetails>
    <retail:groupId groupHierarchyId="All" groupTypeId="region">UK</retail:groupId>
    <retail:defaultMenuGroupId variantGroupHierarchyId="All" variantGroupId="All" variantGroupTypeId="region" groupHierarchyId="All" groupTypeId="menuGroup">All</retail:defaultMenuGroupId>
    <retail:menuGroupId variantGroupHierarchyId="All" variantGroupId="All" variantGroupTypeId="region" groupHierarchyId="All" groupTypeId="menuGroup">All</retail:menuGroupId>
    <retail:priceGroupId variantGroupHierarchyId="All" variantGroupId="All" variantGroupTypeId="region" groupHierarchyId="ALL" groupTypeId="priceGroup">UK</retail:priceGroupId>
    <retail:vatNumber></retail:vatNumber>
    <retail:isLive>false</retail:isLive>
    <retail:mmGroupHierarchyId variantGroupHierarchyId="All" variantGroupId="All" variantGroupTypeId="region" groupHierarchyId="RETAIL" groupTypeId="mmGroup">RETAIL</retail:mmGroupHierarchyId>
    <retail:volumetricWeightFactor>0</retail:volumetricWeightFactor>
    <retail:customerForwarderSurcharge>0</retail:customerForwarderSurcharge>
    <retail:exchangeRateConversionMethod>INDIRECT</retail:exchangeRateConversionMethod>
    <retail:exchangeRateGroupId></retail:exchangeRateGroupId>
    <retail:isTemplate>false</retail:isTemplate>

    <retail:overrideWitnessRate>0.0</retail:overrideWitnessRate>
</retail:warehouse>


<retail:warehouse xmlns:core="http://www.enactor.com/core" xmlns:hta="http://docs.oasis-open.org/ns/bpel4people/ws-humantask/api/200803" xmlns:htd="http://docs.oasis-open.org/ns/bpel4people/ws-humantask/200803" xmlns:htt="http://docs.oasis-open.org/ns/bpel4people/ws-humantask/types/200803" xmlns:ns10="http://www.enactor.com/crm/customerLoyalty/service" xmlns:ns11="http://www.enactor.com/retail/storedRestaurantSaleTransaction/service" xmlns:ns12="http://www.enactor.com/retail/storedRetailTransaction/service" xmlns:ns13="http://www.enactor.com/retail/restaurantTableStatus/service" xmlns:ns7="http://www.enactor.com/crm" xmlns:ns8="http://www.enactor.com/addressLookup/service" xmlns:retail="http://www.enactor.com/retail" xmlns:sref="http://docs.oasis-open.org/wsbpel/2.0/serviceref" xmlns:tools="http://www.enactor.com/tools" xmlns:xsi="http://www.w3.org/2001/XMLSchema-instance">
    <retail:currencyId>GBP</retail:currencyId>
    <retail:companyId></retail:companyId>
    <retail:description>UK Web Warehouse</retail:description>
    <retail:documentCode></retail:documentCode>
    <retail:failedSignOnAttemptsAllowed>0</retail:failedSignOnAttemptsAllowed>
    <retail:failedSignOnAttemptsWarningCount>0</retail:failedSignOnAttemptsWarningCount>
    <retail:localeId variant="" country="GB">en</retail:localeId>
    <retail:locationType>warehouse</retail:locationType>
    <retail:startDate>2021-04-15T00:00:00+01:00</retail:startDate>
    <retail:supportEmailAddress></retail:supportEmailAddress>
    <retail:systemUserId></retail:systemUserId>
    <retail:locationAddress>
        <retail:countryCodeId></retail:countryCodeId>
        <retail:typeId></retail:typeId>
        <retail:referenceName>locationAddress</retail:referenceName>
        <retail:isTemplate>false</retail:isTemplate>
    </retail:locationAddress>
    <retail:locationId>0101</retail:locationId>
    <retail:emailConfiguration>
        <retail:locationId>0101</retail:locationId>
        <retail:referenceName>emailConfiguration</retail:referenceName>
        <retail:isTemplate>false</retail:isTemplate>
    </retail:emailConfiguration>
    <retail:purgeDetails>
        <retail:entityPurgeAges/>
        <retail:functionPurgeAges/>
        <retail:isTemplate>false</retail:isTemplate>
    </retail:purgeDetails>
    <retail:groupId groupHierarchyId="All" groupTypeId="region">UK</retail:groupId>
    <retail:defaultMenuGroupId variantGroupHierarchyId="All" variantGroupId="All" variantGroupTypeId="region" groupHierarchyId="All" groupTypeId="menuGroup">All</retail:defaultMenuGroupId>
    <retail:menuGroupId variantGroupHierarchyId="All" variantGroupId="All" variantGroupTypeId="region" groupHierarchyId="All" groupTypeId="menuGroup">All</retail:menuGroupId>
    <retail:priceGroupId/>
    <retail:vatNumber></retail:vatNumber>
    <retail:isLive>false</retail:isLive>
    <retail:mmGroupHierarchyId variantGroupHierarchyId="All" variantGroupId="All" variantGroupTypeId="region" groupHierarchyId="RETAIL" groupTypeId="mmGroup">RETAIL</retail:mmGroupHierarchyId>
    <retail:volumetricWeightFactor>0</retail:volumetricWeightFactor>
    <retail:customerForwarderSurcharge>0</retail:customerForwarderSurcharge>
    <retail:exchangeRateConversionMethod>INDIRECT</retail:exchangeRateConversionMethod>
    <retail:exchangeRateGroupId></retail:exchangeRateGroupId>
    <retail:isTemplate>false</retail:isTemplate>

    <retail:overrideWitnessRate>0.0</retail:overrideWitnessRate>
</retail:warehouse>




<retail:store xmlns:core="http://www.enactor.com/core" xmlns:hta="http://docs.oasis-open.org/ns/bpel4people/ws-humantask/api/200803" xmlns:htd="http://docs.oasis-open.org/ns/bpel4people/ws-humantask/200803" xmlns:htt="http://docs.oasis-open.org/ns/bpel4people/ws-humantask/types/200803" xmlns:ns10="http://www.enactor.com/addressLookup/service" xmlns:ns11="http://www.enactor.com/crm/customerLoyalty/service" xmlns:ns12="http://www.enactor.com/retail/storedRestaurantSaleTransaction/service" xmlns:ns13="http://www.enactor.com/retail/restaurantTableStatus/service" xmlns:ns5="http://www.enactor.com/crm" xmlns:ns7="http://www.enactor.com/retail/storedRetailTransaction/service" xmlns:retail="http://www.enactor.com/retail" xmlns:sref="http://docs.oasis-open.org/wsbpel/2.0/serviceref" xmlns:tools="http://www.enactor.com/tools" xmlns:xsi="http://www.w3.org/2001/XMLSchema-instance">
    <retail:description>WebShop</retail:description>
    <retail:locationType>store</retail:locationType>
    <retail:startDate>2022-02-03T00:00:00-05:00</retail:startDate>
    <retail:systemUserId></retail:systemUserId>
    <retail:locationAddress>
        <retail:countryCodeId>GBR</retail:countryCodeId>
        <retail:organisation>Enactor</retail:organisation>
        <retail:typeId></retail:typeId>
        <retail:email>info@enactor.co.uk</retail:email>
        <retail:phone1>01992 500881</retail:phone1>
        <retail:postCode>W1C 2AD</retail:postCode>
        <retail:street1>Oxford Street</retail:street1>
        <retail:town>London</retail:town>
        <retail:referenceName>locationAddress</retail:referenceName>
        <retail:isTemplate>false</retail:isTemplate>
    </retail:locationAddress>
    <retail:locationId>WebShop</retail:locationId>
    <retail:emailConfiguration>
        <retail:locationId>WebShop</retail:locationId>
        <retail:allowFallback>false</retail:allowFallback>
        <retail:referenceName>emailConfiguration</retail:referenceName>
        <retail:isTemplate>false</retail:isTemplate>
    </retail:emailConfiguration>
    <retail:purgeDetails>
        <retail:entityPurgeAges/>
        <retail:functionPurgeAges/>
        <retail:isTemplate>false</retail:isTemplate>
    </retail:purgeDetails>
    <retail:vatNumber></retail:vatNumber>
    <retail:isLive>true</retail:isLive>
    <retail:templateKey>STORE_TEMPLATE_UK</retail:templateKey>
    <retail:isTemplate>false</retail:isTemplate>

    <retail:branchNumber>99</retail:branchNumber>
    <retail:nearestStores>0001</retail:nearestStores>
    <retail:trailerLines>Thank you for shopping at Enactor</retail:trailerLines>
    <retail:trailerLinesCentred>true</retail:trailerLinesCentred>
    <retail:dayEnd>
        <retail:dayEnd second="0" minute="0" hour="0"/>
        <retail:storeClosed second="0" minute="0" hour="0"/>
        <retail:storeOpen second="0" minute="0" hour="0"/>
        <retail:earliestPOSDayEnd second="0" minute="0" hour="0"/>
        <retail:day>2</retail:day>
    </retail:dayEnd>
    <retail:dayEnd>
        <retail:dayEnd second="0" minute="0" hour="0"/>
        <retail:storeClosed second="0" minute="0" hour="0"/>
        <retail:storeOpen second="0" minute="0" hour="0"/>
        <retail:earliestPOSDayEnd second="0" minute="0" hour="0"/>
        <retail:day>3</retail:day>
    </retail:dayEnd>
    <retail:dayEnd>
        <retail:dayEnd second="0" minute="0" hour="0"/>
        <retail:storeClosed second="0" minute="0" hour="0"/>
        <retail:storeOpen second="0" minute="0" hour="0"/>
        <retail:earliestPOSDayEnd second="0" minute="0" hour="0"/>
        <retail:day>4</retail:day>
    </retail:dayEnd>
    <retail:dayEnd>
        <retail:dayEnd second="0" minute="0" hour="0"/>
        <retail:storeClosed second="0" minute="0" hour="0"/>
        <retail:storeOpen second="0" minute="0" hour="0"/>
        <retail:earliestPOSDayEnd second="0" minute="0" hour="0"/>
        <retail:day>5</retail:day>
    </retail:dayEnd>
    <retail:dayEnd>
        <retail:dayEnd second="0" minute="0" hour="0"/>
        <retail:storeClosed second="0" minute="0" hour="0"/>
        <retail:storeOpen second="0" minute="0" hour="0"/>
        <retail:earliestPOSDayEnd second="0" minute="0" hour="0"/>
        <retail:day>6</retail:day>
    </retail:dayEnd>
    <retail:dayEnd>
        <retail:dayEnd second="0" minute="0" hour="0"/>
        <retail:storeClosed second="0" minute="0" hour="0"/>
        <retail:storeOpen second="0" minute="0" hour="0"/>
        <retail:earliestPOSDayEnd second="0" minute="0" hour="0"/>
        <retail:day>7</retail:day>
    </retail:dayEnd>
    <retail:dayEnd>
        <retail:dayEnd second="0" minute="0" hour="0"/>
        <retail:storeClosed second="0" minute="0" hour="0"/>
        <retail:storeOpen second="0" minute="0" hour="0"/>
        <retail:earliestPOSDayEnd second="0" minute="0" hour="0"/>
        <retail:day>1</retail:day>
    </retail:dayEnd>
    <retail:receiptHeaderImageId type="bmp" category="RECEIPT">ENACTOR</retail:receiptHeaderImageId>
    <retail:receiptTrailerImageId category=""></retail:receiptTrailerImageId>
</retail:store>

<retail:store xmlns:core="http://www.enactor.com/core" xmlns:hta="http://docs.oasis-open.org/ns/bpel4people/ws-humantask/api/200803" xmlns:htd="http://docs.oasis-open.org/ns/bpel4people/ws-humantask/200803" xmlns:htt="http://docs.oasis-open.org/ns/bpel4people/ws-humantask/types/200803" xmlns:ns10="http://www.enactor.com/retail/restaurantTableStatus/service" xmlns:ns12="http://www.enactor.com/addressLookup/service" xmlns:ns14="http://www.enactor.com/retail/storedRetailTransaction/service" xmlns:ns4="http://www.enactor.com/tms" xmlns:ns5="http://www.enactor.com/crm" xmlns:ns7="http://www.enactor.com/crm/customerLoyalty/service" xmlns:ns9="http://www.enactor.com/retail/storedRestaurantSaleTransaction/service" xmlns:retail="http://www.enactor.com/retail" xmlns:sref="http://docs.oasis-open.org/wsbpel/2.0/serviceref" xmlns:tools="http://www.enactor.com/tools" xmlns:xsi="http://www.w3.org/2001/XMLSchema-instance">
    <retail:description>Enactor (Demo Room)</retail:description>
    <retail:failedSignOnAttemptsAllowed>5</retail:failedSignOnAttemptsAllowed>
    <retail:failedSignOnAttemptsWarningCount>2</retail:failedSignOnAttemptsWarningCount>
    <retail:locationType>store</retail:locationType>
    <retail:startDate>2014-05-08T00:00:00+01:00</retail:startDate>
    <retail:supportEmailAddress></retail:supportEmailAddress>
    <retail:systemUserId></retail:systemUserId>
    <retail:locationAddress>
        <retail:countryCodeId>GBR</retail:countryCodeId>
        <retail:organisation>Enactor</retail:organisation>
        <retail:typeId></retail:typeId>
        <retail:county>Hertfordshire</retail:county>
        <retail:email>info@enactor.co.uk</retail:email>
        <retail:phone1>01992 500881</retail:phone1>
        <retail:postCode>SG14 1PB</retail:postCode>
        <retail:street1>Enactor House</retail:street1>
        <retail:street2>Bluecoats</retail:street2>
        <retail:town>Hertford</retail:town>
        <retail:referenceName>locationAddress</retail:referenceName>
        <retail:isTemplate>false</retail:isTemplate>
    </retail:locationAddress>
    <retail:locationId>0003</retail:locationId>
    <retail:emailConfiguration>
        <retail:locationId>0003</retail:locationId>
        <retail:referenceName>emailConfiguration</retail:referenceName>
        <retail:isTemplate>false</retail:isTemplate>
    </retail:emailConfiguration>
    <retail:purgeDetails>
        <retail:isTemplate>false</retail:isTemplate>
    </retail:purgeDetails>
    <retail:groupId groupHierarchyId="All" groupTypeId="region">UK</retail:groupId>
    <retail:defaultMenuGroupId variantGroupHierarchyId="All" variantGroupId="All" variantGroupTypeId="region" groupHierarchyId="All" groupTypeId="menuGroup">All</retail:defaultMenuGroupId>
    <retail:menuGroupId variantGroupHierarchyId="All" variantGroupId="All" variantGroupTypeId="region" groupHierarchyId="All" groupTypeId="menuGroup">All</retail:menuGroupId>
    <retail:priceGroupId variantGroupHierarchyId="All" variantGroupId="All" variantGroupTypeId="region" groupHierarchyId="ALL" groupTypeId="priceGroup">UK</retail:priceGroupId>
    <retail:failedSignOnAction>TEMPORARY_LOCK_OUT</retail:failedSignOnAction>
    <retail:isLive>false</retail:isLive>
    <retail:mmGroupHierarchyId variantGroupHierarchyId="All" variantGroupId="All" variantGroupTypeId="region" groupHierarchyId="GROCERY" groupTypeId="mmGroup">GROCERY</retail:mmGroupHierarchyId>
    <retail:volumetricWeightFactor>0</retail:volumetricWeightFactor>
    <retail:customerForwarderSurcharge>0</retail:customerForwarderSurcharge>
    <retail:templateKey>STORE_TEMPLATE_UK</retail:templateKey>
    <retail:isTemplate>false</retail:isTemplate>
    <retail:lastUpdated>2020-07-24T08:41:45.426+01:00</retail:lastUpdated>
    <retail:autoFinaliseCashedUpSessions>true</retail:autoFinaliseCashedUpSessions>
    <retail:autoGenerateSealNumbers>false</retail:autoGenerateSealNumbers>
    <retail:branchNumber>3</retail:branchNumber>
    <retail:customerWelcomeMessage></retail:customerWelcomeMessage>
    <retail:tillClosedMessage></retail:tillClosedMessage>
    <retail:cashManagementMethod>TERMINAL</retail:cashManagementMethod>
    <retail:denominationEntryMethod>EITHER</retail:denominationEntryMethod>
    <retail:suppressSpotcheckSummary>false</retail:suppressSpotcheckSummary>
    <retail:tenderBagsOption>DISALLOWED</retail:tenderBagsOption>
    <retail:headerLines></retail:headerLines>
    <retail:headerLinesCentred>false</retail:headerLinesCentred>
    <retail:manager></retail:manager>
    <retail:maximumCashupRecounts>0</retail:maximumCashupRecounts>
    <retail:nearestStores>0001</retail:nearestStores>
    <retail:performFloatCheckAfterSignOn>false</retail:performFloatCheckAfterSignOn>
    <retail:trailerLines>Thank you for shopping at Enactor</retail:trailerLines>
    <retail:trailerLinesCentred>true</retail:trailerLinesCentred>
    <retail:dayEnd>
        <retail:day>2</retail:day>
    </retail:dayEnd>
    <retail:dayEnd>
        <retail:day>3</retail:day>
    </retail:dayEnd>
    <retail:dayEnd>
        <retail:day>4</retail:day>
    </retail:dayEnd>
    <retail:dayEnd>
        <retail:day>5</retail:day>
    </retail:dayEnd>
    <retail:dayEnd>
        <retail:day>6</retail:day>
    </retail:dayEnd>
    <retail:dayEnd>
        <retail:day>7</retail:day>
    </retail:dayEnd>
    <retail:dayEnd>
        <retail:day>1</retail:day>
    </retail:dayEnd>
    <retail:locationBankDetails>
        <retail:bankAccountNumber></retail:bankAccountNumber>
        <retail:bankSortCode></retail:bankSortCode>
        <retail:bankAddress>
            <retail:countryCodeId></retail:countryCodeId>
            <retail:typeId></retail:typeId>
            <retail:isTemplate>false</retail:isTemplate>
        </retail:bankAddress>
        <retail:isTemplate>false</retail:isTemplate>
    </retail:locationBankDetails>
    <retail:receiptHeaderImageId type="bmp" category="RECEIPT">ENACTOR1</retail:receiptHeaderImageId>
    <retail:receiptTrailerImageId category=""></retail:receiptTrailerImageId>
</retail:store>

</Batch>
